course,humidity,kind,dbudam,drweight,lastday,ts1,ts2,ts3,ts4,ts5,idx,cntry,gender,age,budam,weight,dweight,cnt,rcno,month,hr_days,hr_nt,hr_nt1,hr_nt2,hr_t1,hr_t2,hr_ny,hr_ny1,hr_ny2,hr_y1,hr_y2,hr_dt,hr_d1,hr_d2,hr_rh,hr_rm,hr_rl,jk_nt,jk_nt1,jk_nt2,jk_t1,jk_t2,jk_ny,jk_ny1,jk_ny2,jk_y1,jk_y2,tr_nt,tr_nt1,tr_nt2,tr_t1,tr_t2,tr_ny,tr_ny1,tr_ny2,tr_y1,tr_y2
1000,8,6,0.0,111,27,-1,-1,-1,10,122,3,0,0,2,52.0,466,3,8,1,11,959,1,0,0,0,0,1,0,0,0,0,1,0.0,0.0,632,632.0,632.0,2718,203,216,7,7,449,37,41,8,9,8878,768,823,8,9,290,22,31,7,10
1000,8,6,0.0,85,35,-1,56,-1,103,-1,7,0,0,2,52.0,459,3,8,1,11,957,1,0,0,0,0,1,0,0,0,0,1,0.0,0.0,663,663.0,663.0,1417,74,111,5,7,588,34,39,5,6,3447,301,308,8,8,169,34,19,20,11
1000,8,6,0.0,-38,27,-1,-1,-1,86,97,8,0,0,2,52.0,464,-1,8,1,11,996,1,0,0,0,0,1,0,0,0,0,1,0.0,0.0,648,648.0,648.0,5362,396,469,7,8,260,20,14,7,5,4073,302,318,7,7,177,9,15,5,8
1000,8,6,0.0,-75,27,-1,-1,-1,-1,127,6,0,0,2,52.0,486,-2,8,1,11,974,1,0,0,0,0,1,0,0,0,0,1,0.0,0.0,646,646.0,646.0,2846,217,219,7,7,437,36,39,8,8,4258,276,363,6,8,176,8,18,4,10
1000,8,6,2.0,107,28,-1,-1,-1,-1,131,2,0,0,2,52.0,440,3,8,1,11,982,1,0,0,0,0,1,0,0,0,0,1,0.0,0.0,625,625.0,625.0,1906,133,140,6,7,526,37,39,7,7,4568,370,396,8,8,254,14,12,5,4
1000,8,6,0.0,416,48,-1,-1,-1,-1,114,5,0,0,2,52.0,485,20,8,1,11,940,1,0,0,0,0,1,0,0,0,0,1,0.0,0.0,654,654.0,654.0,1247,89,72,7,5,208,15,11,7,5,8794,890,894,10,10,237,18,26,7,10
1000,8,6,0.0,-33,91,-1,-1,-1,92,-1,1,0,1,2,54.0,463,-3,8,1,11,963,2,0,0,0,0,2,0,0,0,0,1,0.0,0.0,658,658.0,658.0,5007,627,624,12,12,266,33,41,12,15,970,83,103,8,10,280,24,24,8,8
1000,8,6,0.0,-1,-1,-1,-1,-1,110,51,4,0,2,2,54.0,446,-20,8,1,11,962,0,0,0,0,0,0,0,0,0,0,-1,-1.0,-1.0,-1,-1.0,-1.0,441,64,41,14,9,334,50,33,14,9,9988,903,967,9,9,319,35,29,10,9
1000,8,6,-0.5,-286,28,-1,-1,-1,-1,164,6,0,1,2,54.0,465,-8,8,2,11,939,3,0,0,0,0,3,0,0,0,0,3,0.0,0.0,629,633.0,638.0,1179,69,75,5,6,89,4,2,4,2,4258,276,363,6,8,176,8,18,4,10
1000,8,6,0.0,-25,41,-1,-1,-1,88,34,5,0,2,2,54.0,454,-1,8,2,11,925,1,0,0,0,0,1,0,0,0,0,1,0.0,0.0,636,636.0,636.0,675,101,90,14,13,441,68,71,15,16,1268,166,131,13,10,256,41,31,16,12
1000,8,6,-1.5,-48,21,-1,143,-1,-1,-1,3,0,0,2,52.0,442,-1,8,2,11,978,3,0,0,0,0,3,0,0,0,0,2,0.0,0.0,633,637.0,642.0,7468,517,601,6,8,275,6,18,2,6,636,48,42,7,6,181,16,8,8,4
1000,8,6,-2.5,-112,27,-1,-1,-1,133,28,1,0,0,2,52.0,457,-3,8,2,11,971,4,0,0,0,0,4,0,0,0,0,2,0.0,0.0,637,640.0,644.0,52,3,0,5,0,52,3,0,5,0,98,3,8,3,8,98,3,8,3,8
1000,8,6,1.0,250,28,-1,150,-1,-1,26,2,0,0,2,52.0,450,7,8,2,11,980,3,0,0,0,0,3,0,0,0,0,3,0.0,0.0,633,635.0,639.0,6504,1318,985,20,15,494,110,74,22,14,1106,68,76,6,6,215,8,12,3,5
1000,8,6,0.0,176,34,-1,-1,-1,112,11,4,0,1,2,54.0,470,6,8,2,11,966,1,0,0,0,0,1,0,0,0,0,-1,-1.0,-1.0,-1,-1.0,-1.0,859,68,82,7,9,358,29,34,8,9,970,83,103,8,10,280,24,24,8,8
1000,8,6,0.0,107,28,-1,-1,-1,-1,112,8,0,0,2,52.0,452,3,8,2,11,962,2,0,0,0,0,2,0,0,0,0,2,0.0,0.0,638,641.0,644.0,3054,115,142,3,4,110,4,8,3,7,3875,438,394,11,10,134,17,12,12,8
1000,8,6,0.0,-108,28,-1,-1,-1,152,-1,7,0,1,2,54.0,460,-3,8,2,11,925,1,0,0,0,0,1,0,0,0,0,1,0.0,0.0,657,657.0,657.0,1417,74,111,5,7,588,34,39,5,6,3882,269,330,6,8,257,19,26,7,10
1300,8,6,-1.0,205,34,-1,-1,-1,16,121,6,0,2,3,56.0,475,7,9,3,11,1280,8,0,0,0,0,8,0,0,0,0,5,0.0,0.0,852,860.0,869.0,7468,517,601,6,8,275,6,18,2,6,4073,302,318,7,7,177,9,15,5,8
1300,8,6,-1.0,-286,21,-1,-1,-1,45,94,1,0,0,3,55.0,435,-6,9,3,11,1357,6,0,0,0,0,6,0,0,0,0,4,0.0,0.0,841,843.0,848.0,2846,217,219,7,7,437,36,39,8,8,2434,222,183,9,7,234,26,8,11,3
1300,8,6,0.0,228,35,-1,16,-1,105,-1,5,0,1,2,54.5,438,8,9,3,11,979,5,0,0,0,0,5,0,0,0,0,1,0.0,0.0,855,855.0,855.0,2718,203,216,7,7,449,37,41,8,9,6710,534,580,7,8,151,10,9,6,5
1300,8,6,2.0,228,35,-1,-1,-1,134,-1,7,0,0,3,55.0,423,8,9,3,11,1328,1,0,0,0,0,1,0,0,0,0,-1,-1.0,-1.0,-1,-1.0,-1.0,409,42,39,10,9,315,36,36,11,11,3211,239,274,7,8,309,26,28,8,9
1300,8,6,0.0,0,14,-1,-1,-1,59,-1,2,0,0,3,55.0,447,0,9,3,11,1262,6,0,0,0,0,6,0,0,0,0,2,0.0,0.0,852,867.0,882.0,248,20,15,8,6,248,20,15,8,6,3228,298,337,9,10,319,35,25,10,7
1300,8,6,0.0,-322,28,-1,-1,-1,-1,116,8,0,0,3,51.0,455,-9,9,3,11,1268,13,0,1,0,7,13,0,1,0,7,7,0.0,0.0,846,858.0,872.0,63,1,4,1,6,63,1,4,1,6,1090,91,93,8,8,338,22,27,6,7
1300,8,6,-4.0,-1072,14,-1,-1,-1,-1,77,4,0,0,3,52.0,435,-15,9,3,11,1331,9,0,1,0,11,9,0,1,0,11,3,0.0,0.0,853,862.0,867.0,313,17,21,5,6,278,15,21,5,7,5260,389,430,7,8,181,10,11,5,6
1300,8,6,0.0,0,28,-1,-1,-1,-1,140,3,0,2,3,56.0,479,0,9,3,11,1304,8,0,0,0,0,7,0,0,0,0,4,0.0,0.0,846,854.0,862.0,3170,254,268,8,8,64,2,5,3,7,1300,101,107,7,8,177,13,10,7,5
1300,8,6,0.0,-57,231,-1,82,-1,29,16,9,0,2,3,56.0,458,-13,9,3,11,1292,2,0,0,0,0,2,0,0,0,0,-1,-1.0,-1.0,-1,-1.0,-1.0,441,64,41,14,9,334,50,33,14,9,3353,345,326,10,9,218,23,21,10,9
1000,8,5,2.5,187,48,-1,-1,-1,87,40,7,0,1,3,56.5,519,9,12,4,11,1369,2,1,0,50,0,1,0,0,0,0,2,50.0,50.0,616,619.0,623.0,6504,1318,985,20,15,494,110,74,22,14,8794,890,894,10,10,237,18,26,7,10
1000,8,5,1.5,-408,27,-1,-1,-1,174,-1,8,0,1,3,54.5,466,-11,12,4,11,1283,13,0,1,0,7,12,0,1,0,8,2,0.0,0.0,625,625.0,625.0,2522,186,219,7,8,152,19,21,12,13,7299,690,748,9,10,273,42,33,15,12
1000,8,5,0.0,0,14,-1,-1,-1,112,-1,2,0,1,4,51.0,468,0,12,4,11,1700,21,1,0,4,0,10,0,0,0,0,7,0.0,0.0,624,628.0,635.0,63,1,4,1,6,63,1,4,1,6,970,83,103,8,10,280,24,24,8,8
1000,8,5,2.5,628,35,-1,-1,-1,78,98,12,0,2,3,54.5,491,22,12,4,11,1306,10,0,1,0,10,9,0,1,0,11,-1,-1.0,-1.0,-1,-1.0,-1.0,409,42,39,10,9,315,36,36,11,11,3211,239,274,7,8,309,26,28,8,9
1000,8,5,0.5,171,35,-1,8,-1,-1,113,11,0,1,2,54.5,474,6,12,4,11,935,2,1,0,50,0,2,1,0,50,0,2,50.0,50.0,635,642.0,650.0,248,20,15,8,6,248,20,15,8,6,3228,298,337,9,10,319,35,25,10,7
1000,8,5,0.0,222,27,-1,-1,-1,40,84,10,0,0,3,51.0,471,6,12,4,11,1381,9,0,2,0,22,6,0,1,0,16,4,0.0,0.0,629,639.0,646.0,52,3,0,5,0,52,3,0,5,0,2849,228,246,8,8,253,16,33,6,13
1000,8,5,2.0,214,14,-1,-1,-1,-1,95,4,0,1,4,56.5,460,3,12,4,11,1656,27,0,4,0,14,13,0,2,0,15,5,0.0,0.0,632,642.0,664.0,3067,207,240,6,7,93,1,3,1,3,10522,804,928,7,8,334,18,24,5,7
1000,8,5,0.5,-334,21,-1,-1,-1,8,102,5,0,0,3,52.5,435,-7,12,4,11,1341,8,0,2,0,25,8,0,2,0,25,4,0.0,25.0,629,639.0,650.0,2846,217,219,7,7,437,36,39,8,8,553,70,40,12,7,209,35,17,16,8
1000,8,5,1.5,-269,41,-1,-1,-1,-1,82,3,0,2,3,56.0,494,-11,12,4,11,1339,6,1,0,16,0,6,1,0,16,0,2,0.0,0.0,633,635.0,638.0,675,101,90,14,13,441,68,71,15,16,1268,166,131,13,10,256,41,31,16,12
1000,8,5,-3.0,309,42,-1,16,-1,129,-1,1,0,0,3,53.0,490,13,12,4,11,1328,15,0,2,0,13,13,0,2,0,15,2,0.0,0.0,637,639.0,641.0,5007,627,624,12,12,266,33,41,12,15,1090,91,93,8,8,338,22,27,6,7
1000,8,5,1.0,238,21,-1,175,-1,13,-1,6,0,0,4,52.0,473,5,12,4,11,1712,12,1,0,8,0,5,0,0,0,0,3,0.0,0.0,632,636.0,641.0,1906,133,140,6,7,526,37,39,7,7,3882,269,330,6,8,257,19,26,7,10
1000,8,5,-2.5,107,28,-1,-1,-1,-1,104,9,0,1,3,55.0,482,3,12,4,11,1335,3,0,2,0,66,3,0,2,0,66,1,0.0,100.0,630,630.0,630.0,3054,115,142,3,4,110,4,8,3,7,811,45,57,5,7,210,13,17,6,8
1000,8,1,-1.5,47,21,-1,-1,-1,106,28,9,4,1,2,53.5,490,1,12,5,11,986,1,0,0,0,0,1,0,0,0,0,1,0.0,0.0,632,632.0,632.0,3021,267,268,8,8,342,31,24,9,7,10522,804,928,7,8,334,18,24,5,7
1000,8,1,-2.5,228,35,-1,-1,-1,124,14,6,0,2,4,52.0,482,8,12,5,11,1746,7,1,2,14,28,6,1,1,16,16,6,16.7,50.0,615,622.0,631.0,1417,74,111,5,7,588,34,39,5,6,1075,107,119,9,11,190,24,22,12,11
1000,8,1,-1.0,289,83,-1,-1,-1,14,75,2,7,0,4,51.0,467,24,12,5,11,1541,8,0,0,0,0,6,0,0,0,0,2,0.0,0.0,623,630.0,637.0,248,20,15,8,6,248,20,15,8,6,2175,197,187,9,8,218,14,12,6,5
1000,8,1,1.5,-116,69,-1,-1,-1,99,-1,7,0,2,5,56.5,505,-8,12,5,11,2101,20,1,5,5,25,9,0,2,0,22,10,0.0,30.0,605,626.0,678.0,2846,217,219,7,7,437,36,39,8,8,4258,276,363,6,8,176,8,18,4,10
1000,8,1,-1.0,147,34,-1,79,-1,15,12,3,7,1,3,52.5,449,5,12,5,11,1160,5,0,0,0,0,5,0,0,0,0,2,0.0,0.0,626,632.0,638.0,52,3,0,5,0,52,3,0,5,0,662,85,75,12,11,258,40,40,15,15
1000,8,1,-0.5,118,202,-1,-1,-1,-1,86,8,7,0,3,51.0,478,24,12,5,11,1149,2,0,0,0,0,2,0,0,0,0,2,0.0,0.0,628,628.0,628.0,313,17,21,5,6,278,15,21,5,7,2434,222,183,9,7,234,26,8,11,3
1000,8,1,0.0,-1,-1,-1,161,-1,-1,27,1,4,1,2,53.5,454,7,12,5,11,909,0,0,0,0,0,0,0,0,0,0,-1,-1.0,-1.0,-1,-1.0,-1.0,6504,1318,985,20,15,494,110,74,22,14,1170,119,108,10,9,210,18,30,8,14
1000,8,1,1.5,-462,13,-1,-1,-1,-1,73,10,4,2,3,55.5,456,-6,12,5,11,1342,5,0,0,0,0,5,0,0,0,0,3,0.0,0.0,609,622.0,633.0,859,68,82,7,9,358,29,34,8,9,3882,269,330,6,8,257,19,26,7,10
1000,8,1,0.0,-1,-1,-1,-1,-1,-1,125,11,4,2,2,53.5,477,-5,12,5,11,923,0,0,0,0,0,0,0,0,0,0,-1,-1.0,-1.0,-1,-1.0,-1.0,1906,133,140,6,7,526,37,39,7,7,7406,599,656,8,8,201,19,20,9,9
1000,8,1,-0.5,163,49,-1,-1,-1,53,59,5,4,1,2,53.5,471,8,12,5,11,965,1,0,0,0,0,1,0,0,0,0,1,0.0,0.0,631,631.0,631.0,675,101,90,14,13,441,68,71,15,16,2240,211,206,9,9,160,11,15,6,9
1000,8,1,0.0,-1,-1,-1,-1,-1,-1,104,4,4,2,2,53.5,491,-7,12,5,11,997,0,0,0,0,0,0,0,0,0,0,-1,-1.0,-1.0,-1,-1.0,-1.0,1513,119,110,7,7,183,13,16,7,8,1268,166,131,13,10,256,41,31,16,12
1000,8,1,0.0,-1,-1,-1,-1,-1,29,78,12,4,1,2,53.5,459,10,12,5,11,953,0,0,0,0,0,0,0,0,0,0,-1,-1.0,-1.0,-1,-1.0,-1.0,5622,693,654,12,11,239,37,36,15,15,553,70,40,12,7,209,35,17,16,8
1200,8,2,2.5,100,20,-1,-1,-1,100,50,7,0,2,3,55.5,463,2,9,6,11,1292,12,1,0,8,0,12,1,0,8,0,3,0.0,0.0,759,765.0,773.0,6504,1318,985,20,15,494,110,74,22,14,10522,804,928,7,8,334,18,24,5,7
1200,8,2,2.0,380,42,-1,-1,-1,95,21,8,0,0,3,56.0,444,16,9,6,11,1369,9,1,2,11,22,8,1,2,12,25,6,16.7,50.0,758,766.0,787.0,1247,89,72,7,5,208,15,11,7,5,1170,119,108,10,9,210,18,30,8,14
1200,8,2,-0.5,176,34,-1,-1,-1,17,101,2,1,2,3,53.5,469,6,9,6,11,1334,12,0,1,0,8,8,0,0,0,0,3,0.0,33.3,763,770.0,774.0,441,64,41,14,9,334,50,33,14,9,5364,721,582,13,10,284,40,20,14,7
1200,8,2,0.0,538,13,-1,-1,-1,-1,83,9,0,0,4,52.0,455,7,9,6,11,1707,28,0,1,0,3,14,0,0,0,0,15,0.0,6.7,757,777.0,813.0,1634,70,83,4,5,79,6,5,7,6,5260,389,430,7,8,181,10,11,5,6
1200,8,2,0.0,200,35,-1,-1,-1,73,11,1,0,1,4,51.0,457,7,9,6,11,1713,24,0,1,0,4,11,0,0,0,0,2,0.0,0.0,774,775.0,776.0,313,17,21,5,6,278,15,21,5,7,2184,144,178,6,8,158,10,9,6,5
1200,8,2,-0.5,214,28,81,14,-1,16,13,3,1,1,4,53.5,448,6,9,6,11,1734,11,0,2,0,18,10,0,2,0,20,4,0.0,50.0,767,772.0,779.0,409,42,39,10,9,315,36,36,11,11,1106,68,76,6,6,215,8,12,3,5
1200,8,2,-1.5,-149,27,-1,-1,-1,104,16,6,0,0,3,53.0,463,-4,9,6,11,1347,5,1,0,20,0,5,1,0,20,0,2,50.0,50.0,764,772.0,781.0,1977,165,183,8,9,165,19,14,11,8,6150,737,694,11,11,347,29,35,8,10
1200,8,2,-1.5,-118,34,-1,-1,-1,155,-1,4,0,0,2,52.0,456,-4,9,6,11,985,3,0,2,0,66,3,0,2,0,66,1,0.0,100.0,779,779.0,779.0,3021,267,268,8,8,342,31,24,9,7,8226,732,834,8,10,193,16,9,8,4
1200,8,2,0.5,222,27,-1,-1,-1,60,74,5,0,0,3,52.5,458,6,9,6,11,1301,7,1,0,14,0,7,1,0,14,0,5,20.0,20.0,746,763.0,784.0,7468,517,601,6,8,275,6,18,2,6,636,48,42,7,6,181,16,8,8,4
1300,8,5,0.5,57,35,-1,-1,-1,-1,115,2,0,2,3,57.0,486,2,11,7,11,1319,4,1,0,25,0,3,1,0,33,0,1,0.0,0.0,822,822.0,822.0,675,101,90,14,13,441,68,71,15,16,1268,166,131,13,10,256,41,31,16,12
1300,8,5,2.0,111,27,-1,158,-1,-1,13,8,0,2,4,56.5,478,3,11,7,11,1684,14,0,4,0,28,11,0,4,0,36,10,0.0,30.0,812,834.0,857.0,1513,119,110,7,7,183,13,16,7,8,663,43,56,6,8,156,10,21,6,13
1300,8,5,1.5,85,35,-1,-1,-1,13,134,11,0,2,4,55.5,481,3,11,7,11,1657,23,1,3,4,13,12,0,3,0,25,8,0.0,12.5,813,829.0,843.0,1417,74,111,5,7,588,34,39,5,6,2064,215,175,10,8,278,28,33,10,11
1300,8,5,-1.0,35,28,-1,-1,-1,132,8,1,1,0,3,51.0,424,1,11,7,11,1334,11,0,2,0,18,11,0,2,0,18,6,0.0,16.7,820,841.0,857.0,1298,98,82,7,6,98,3,5,3,5,3903,339,359,8,9,276,18,20,6,7
1300,8,5,-1.5,-205,49,-1,14,-1,-1,97,4,1,0,2,52.0,446,-10,11,7,11,1025,5,1,0,20,0,5,1,0,20,0,3,33.3,33.3,824,828.0,830.0,2846,217,219,7,7,437,36,39,8,8,662,85,75,12,11,258,40,40,15,15
1300,8,5,0.0,28,35,-1,-1,-1,53,96,7,0,0,4,51.5,457,1,11,7,11,1666,8,0,1,0,12,8,0,1,0,12,3,0.0,33.3,831,836.0,847.0,409,42,39,10,9,315,36,36,11,11,3211,239,274,7,8,309,26,28,8,9
1300,8,5,-2.0,58,34,-1,-1,-1,-1,141,6,0,2,6,55.0,496,2,11,7,11,2407,41,2,2,4,4,13,1,0,7,0,20,0.0,5.0,811,838.0,888.0,3067,207,240,6,7,93,1,3,1,3,2175,197,187,9,8,218,14,12,6,5
1300,8,5,0.0,147,34,-1,-1,-1,77,12,5,0,0,4,51.0,469,5,11,7,11,1685,13,0,2,0,15,5,0,0,0,0,6,0.0,0.0,814,833.0,849.0,664,24,30,3,4,84,1,2,1,2,3819,348,351,9,9,184,13,17,7,9
1300,8,5,-2.0,142,28,-1,-1,-1,-1,181,10,0,1,3,53.5,511,4,11,7,11,1328,11,1,0,9,0,10,1,0,10,0,4,25.0,25.0,817,839.0,863.0,1360,50,61,3,4,56,0,0,0,0,10522,804,928,7,8,334,18,24,5,7
1300,8,5,0.0,0,20,-1,-1,-1,141,-1,9,0,0,4,52.0,488,0,11,7,11,1706,23,1,1,4,4,8,0,0,0,0,9,0.0,0.0,819,841.0,864.0,1906,133,140,6,7,526,37,39,7,7,3875,438,394,11,10,134,17,12,12,8
1300,8,5,4.5,43,91,-1,-1,-1,87,21,3,0,1,5,57.0,448,4,11,7,11,2106,10,1,1,10,10,3,0,0,0,0,2,0.0,50.0,816,822.0,829.0,998,49,44,4,4,110,5,3,4,2,2184,144,178,6,8,158,10,9,6,5
1300,8,4,0.0,-260,27,-1,-1,-1,190,-1,7,0,1,3,56.0,516,-7,8,8,11,1262,8,2,2,25,25,8,2,2,25,25,4,25.0,50.0,807,821.0,829.0,1513,119,110,7,7,183,13,16,7,8,2118,191,206,9,9,455,42,44,9,9
1300,8,4,-5.0,114,35,-1,-1,-1,-1,136,5,0,2,3,52.0,503,4,8,8,11,1290,7,2,1,28,14,5,1,1,20,20,-1,-1.0,-1.0,-1,-1.0,-1.0,441,64,41,14,9,334,50,33,14,9,5364,721,582,13,10,284,40,20,14,7
1300,8,4,0.0,148,27,-1,-1,-1,141,-1,4,1,0,4,51.0,440,4,8,8,11,1702,19,3,0,15,0,10,1,0,10,0,2,50.0,50.0,821,831.0,842.0,409,42,39,10,9,315,36,36,11,11,1718,145,140,8,8,203,22,12,10,5
1300,8,4,0.0,-59,34,-1,-1,-1,-1,85,1,0,0,3,52.0,434,-2,8,8,11,947,2,0,0,0,0,2,0,0,0,0,7,14.3,42.9,815,821.0,838.0,1417,74,111,5,7,588,34,39,5,6,5260,389,430,7,8,181,10,11,5,6
1300,8,4,-0.5,47,21,-1,-1,-1,141,-1,6,0,1,4,52.0,473,1,8,8,11,1685,26,1,4,3,15,11,1,1,9,9,6,0.0,0.0,826,845.0,860.0,3021,267,268,8,8,342,31,24,9,7,10522,804,928,7,8,334,18,24,5,7
1300,8,4,2.5,97,41,-1,31,-1,-1,87,9,0,1,3,57.0,492,4,8,8,11,1340,12,3,2,25,16,7,2,2,28,28,1,0.0,100.0,817,817.0,817.0,675,101,90,14,13,441,68,71,15,16,662,85,75,12,11,258,40,40,15,15
1300,8,4,-0.5,142,21,-1,-1,-1,63,49,2,0,1,3,56.5,475,3,8,8,11,1303,11,3,1,27,9,9,3,1,33,11,4,50.0,75.0,820,821.0,822.0,6504,1318,985,20,15,494,110,74,22,14,553,70,40,12,7,209,35,17,16,8
1300,8,4,-1.5,-118,34,-1,-1,-1,-1,120,8,0,2,4,51.5,457,-4,8,8,11,1700,6,2,1,33,16,5,2,0,40,0,1,0.0,0.0,863,863.0,863.0,1977,165,183,8,9,165,19,14,11,8,6150,737,694,11,11,347,29,35,8,10
1700,8,3,1.5,0,34,-1,-1,-1,-1,157,6,0,1,4,57.0,472,0,9,9,11,1701,11,4,2,36,18,7,4,0,57,0,2,0.0,0.0,1119,1121.0,1123.0,859,68,82,7,9,358,29,34,8,9,970,83,103,8,10,280,24,24,8,8
1700,8,3,1.0,88,34,-1,9,-1,-1,116,10,0,1,4,57.0,447,3,9,9,11,1706,15,5,3,33,20,4,2,0,50,0,2,0.0,0.0,1120,1133.0,1147.0,3021,267,268,8,8,342,31,24,9,7,8226,732,834,8,10,193,16,9,8,4
1700,8,3,1.0,-100,20,-1,-1,-1,75,40,3,0,0,3,52.0,500,-2,9,9,11,1365,13,3,3,23,23,13,3,3,23,23,1,0.0,0.0,1142,1142.0,1142.0,52,3,0,5,0,52,3,0,5,0,811,45,57,5,7,210,13,17,6,8
1700,8,3,0.5,122,49,-1,-1,-1,120,-1,7,0,2,4,55.0,486,6,9,9,11,1707,16,3,4,18,25,9,2,3,22,33,7,28.6,57.1,1117,1126.0,1146.0,6504,1318,985,20,15,494,110,74,22,14,1269,192,110,15,8,295,33,24,11,8
1700,8,3,0.0,0,27,-1,-1,-1,45,89,4,0,0,3,52.0,441,0,9,9,11,1319,14,3,1,21,7,10,2,1,20,10,1,0.0,0.0,1139,1139.0,1139.0,2718,203,216,7,7,449,37,41,8,9,8878,768,823,8,9,290,22,31,7,10
1700,8,3,0.0,37,27,-1,-1,-1,-1,174,9,0,1,3,51.0,461,1,9,9,11,1283,12,2,4,16,33,12,2,4,16,33,1,0.0,0.0,1136,1136.0,1136.0,5362,396,469,7,8,260,20,14,7,5,7299,690,748,9,10,273,42,33,15,12
1700,8,3,-3.0,185,27,-1,-1,-1,32,84,8,0,2,5,52.0,481,5,9,9,11,2059,21,3,2,14,9,9,2,2,22,22,2,100.0,100.0,1117,1119.0,1122.0,675,101,90,14,13,441,68,71,15,16,1718,145,140,8,8,203,22,12,10,5
1700,8,3,1.0,105,76,-1,-1,-1,150,31,2,0,2,5,52.0,515,8,9,9,11,2094,32,2,3,6,9,9,0,0,0,0,4,0.0,0.0,1135,1152.0,1168.0,1906,133,140,6,7,526,37,39,7,7,9988,903,967,9,9,319,35,29,10,9
1700,8,3,1.5,36,111,-1,-1,-1,149,25,5,0,1,5,56.5,496,4,9,9,11,2006,23,5,2,21,8,6,1,1,16,16,4,0.0,0.0,1121,1138.0,1167.0,1513,119,110,7,7,183,13,16,7,8,2184,144,178,6,8,158,10,9,6,5
1400,8,4,-2.0,250,76,-1,-1,-1,-1,100,8,4,2,3,53.0,473,19,12,10,11,1319,2,1,0,50,0,2,1,0,50,0,-1,-1.0,-1.0,-1,-1.0,-1.0,441,64,41,14,9,334,50,33,14,9,5364,721,582,13,10,284,40,20,14,7
1400,8,4,0.5,382,34,-1,-1,-1,85,48,1,4,2,5,54.5,477,13,12,10,11,2098,25,4,2,16,8,7,1,1,14,14,13,7.7,23.1,869,889.0,911.0,2522,186,219,7,8,152,19,21,12,13,3447,301,308,8,8,169,34,19,20,11
1400,8,4,1.5,74,27,-1,147,-1,-1,19,9,4,1,5,54.0,492,2,12,10,11,2016,31,1,4,3,12,11,1,2,9,18,9,0.0,11.1,872,892.0,911.0,313,17,21,5,6,278,15,21,5,7,3641,275,297,7,8,319,21,36,6,11
1400,8,4,0.0,117,34,-1,-1,-1,172,-1,6,4,0,4,52.0,482,4,12,10,11,1659,23,1,1,4,4,10,0,0,0,0,3,0.0,0.0,883,884.0,886.0,6504,1318,985,20,15,494,110,74,22,14,3882,269,330,6,8,257,19,26,7,10
1400,8,4,-2.0,300,20,-1,-1,-1,98,-1,3,4,2,3,52.0,490,6,12,10,11,1377,18,1,2,5,11,13,1,1,7,7,6,16.7,50.0,855,878.0,891.0,2846,217,219,7,7,437,36,39,8,8,811,45,57,5,7,210,13,17,6,8
1400,8,4,0.0,-89,34,-1,78,-1,-1,36,4,4,0,3,52.0,463,-3,12,10,11,1299,8,2,0,25,0,8,2,0,25,0,1,0.0,0.0,884,884.0,884.0,1417,74,111,5,7,588,34,39,5,6,662,85,75,12,11,258,40,40,15,15
1400,8,4,0.0,63,63,-1,-1,-1,82,42,7,4,2,3,52.0,487,4,12,10,11,1333,10,1,2,10,20,8,1,2,12,25,5,20.0,40.0,875,891.0,903.0,675,101,90,14,13,441,68,71,15,16,1268,166,131,13,10,256,41,31,16,12
1400,8,4,0.0,-154,13,-1,-1,-1,30,57,5,0,0,5,52.0,446,-2,12,10,11,2033,44,2,2,4,4,17,1,0,5,0,12,8.3,16.7,880,898.0,918.0,1625,100,130,6,8,242,18,12,7,4,10522,804,928,7,8,334,18,24,5,7
1400,8,4,0.5,-54,112,-1,128,-1,-1,-1,2,4,2,4,53.5,477,-6,12,10,11,1713,12,1,2,8,16,6,1,1,16,16,2,0.0,50.0,901,902.0,903.0,5622,693,654,12,11,239,37,36,15,15,2064,215,175,10,8,278,28,33,10,11
1400,8,4,-2.0,-143,42,-1,-1,-1,210,-1,10,4,1,3,51.0,470,-6,12,10,11,1331,13,1,1,7,7,10,1,1,10,10,2,0.0,0.0,916,926.0,937.0,63,1,4,1,6,63,1,4,1,6,3447,301,308,8,8,169,34,19,20,11
1400,8,4,-0.5,121,41,-1,-1,-1,129,10,11,0,1,4,54.0,467,5,12,10,11,1671,25,3,3,12,12,10,1,2,10,20,7,14.3,28.6,862,889.0,915.0,1906,133,140,6,7,526,37,39,7,7,3882,269,330,6,8,257,19,26,7,10
1400,8,4,0.0,-129,70,-1,49,-1,85,7,12,7,1,5,54.0,469,-9,12,10,11,1918,24,2,1,8,4,10,0,0,0,0,8,12.5,12.5,879,892.0,910.0,1977,165,183,8,9,165,19,14,11,8,2064,215,175,10,8,278,28,33,10,11
2300,8,1,-5.0,-38,27,-1,-1,-1,77,-1,4,4,2,5,52.0,463,-1,8,11,11,2076,38,3,5,7,13,14,0,2,0,14,-1,-1.0,-1.0,-1,-1.0,-1.0,2846,217,219,7,7,437,36,39,8,8,1718,145,140,8,8,203,22,12,10,5
2300,8,1,-2.5,-38,27,-1,147,-1,-1,30,8,4,1,6,54.5,506,-1,8,11,11,2375,45,7,8,15,17,9,1,2,11,22,4,25.0,25.0,1486,1512.0,1539.0,313,17,21,5,6,278,15,21,5,7,3641,275,297,7,8,319,21,36,6,11
2300,8,1,-0.5,214,28,-1,-1,-1,74,20,1,4,1,4,52.0,481,6,8,11,11,1738,18,4,3,22,16,10,3,1,30,10,-1,-1.0,-1.0,-1,-1.0,-1.0,1417,74,111,5,7,588,34,39,5,6,68,13,11,19,16,68,13,11,19,16
2300,8,1,-2.5,88,34,-1,-1,-1,85,129,6,4,1,6,54.5,526,3,8,11,11,2434,47,5,10,10,21,10,3,1,30,10,-1,-1.0,-1.0,-1,-1.0,-1.0,5622,693,654,12,11,239,37,36,15,15,2064,215,175,10,8,278,28,33,10,11
2300,8,1,-2.5,-223,27,-1,-1,-1,104,-1,7,4,1,5,54.5,509,-6,8,11,11,2008,34,5,7,14,20,9,2,1,22,11,1,0.0,0.0,1483,1483.0,1483.0,675,101,90,14,13,441,68,71,15,16,2118,191,206,9,9,455,42,44,9,9
2300,8,1,1.0,-223,27,-1,-1,-1,147,27,2,4,1,5,58.0,484,-6,8,11,11,2108,37,8,4,21,10,10,2,1,20,10,-1,-1.0,-1.0,-1,-1.0,-1.0,6504,1318,985,20,15,494,110,74,22,14,7672,719,726,9,9,252,32,28,12,11
2300,8,1,0.0,-34,90,-1,-1,-1,110,16,3,4,2,7,51.0,491,-3,8,11,11,2733,35,7,4,20,11,7,0,0,0,0,-1,-1.0,-1.0,-1,-1.0,-1.0,248,20,15,8,6,248,20,15,8,6,2175,197,187,9,8,218,14,12,6,5
2300,8,1,0.0,95,42,-1,-1,-1,92,58,5,4,1,5,51.0,516,4,8,11,11,2035,22,5,0,22,0,6,1,0,16,0,-1,-1.0,-1.0,-1,-1.0,-1.0,859,68,82,7,9,358,29,34,8,9,970,83,103,8,10,280,24,24,8,8
1200,8,5,3.0,285,35,-1,-1,-1,-1,94,3,7,1,3,54.0,473,10,10,12,11,1132,5,2,2,40,40,5,2,2,40,40,3,33.3,66.7,744,745.0,746.0,1977,165,183,8,9,165,19,14,11,8,6150,737,694,11,11,347,29,35,8,10
1200,8,5,3.5,-30,34,-1,-1,-1,56,73,2,4,0,4,54.5,449,-1,10,12,11,1726,11,4,1,36,9,6,1,0,16,0,6,50.0,66.7,738,746.0,757.0,441,64,41,14,9,334,50,33,14,9,7406,599,656,8,8,201,19,20,9,9
1200,8,5,0.0,200,90,-1,-1,-1,87,31,5,4,0,4,51.0,467,18,10,12,11,1725,17,3,1,17,5,7,2,0,28,0,4,25.0,50.0,749,754.0,760.0,248,20,15,8,6,248,20,15,8,6,1075,107,119,9,11,190,24,22,12,11
1200,8,5,0.0,-42,48,-1,-1,-1,-1,118,9,4,0,4,52.0,499,-2,10,12,11,1759,15,2,2,13,13,5,1,0,20,0,7,14.3,14.3,739,749.0,776.0,3021,267,268,8,8,342,31,24,9,7,8226,732,834,8,10,193,16,9,8,4
1200,8,5,5.5,323,34,-1,-1,-1,-1,144,10,4,1,5,56.5,516,11,10,12,11,2069,28,1,5,3,17,10,0,1,0,10,4,0.0,50.0,740,744.0,752.0,2846,217,219,7,7,437,36,39,8,8,9988,903,967,9,9,319,35,29,10,9
1200,8,5,0.0,-50,20,62,38,-1,-1,22,7,4,1,6,53.0,459,-1,10,12,11,2467,41,2,3,4,7,9,0,0,0,0,5,0.0,20.0,731,745.0,757.0,6504,1318,985,20,15,494,110,74,22,14,1106,68,76,6,6,215,8,12,3,5
1200,8,5,0.0,-58,35,148,-1,-1,-1,-1,8,0,0,5,52.0,499,-2,10,12,11,2012,25,4,5,16,20,8,1,0,12,0,9,22.2,33.3,749,759.0,766.0,5362,396,469,7,8,260,20,14,7,5,811,45,57,5,7,210,13,17,6,8
1200,8,5,1.0,-49,41,-1,14,-1,103,29,6,4,1,4,55.0,475,-2,10,12,11,1714,13,3,1,23,7,8,2,0,25,0,4,25.0,25.0,745,759.0,768.0,2318,140,159,6,6,55,4,4,7,7,3447,301,308,8,8,169,34,19,20,11
1200,8,5,0.5,-97,83,-1,-1,-1,133,-1,4,7,1,5,53.5,498,-8,10,12,11,1894,26,2,4,7,15,6,0,1,0,16,6,0.0,33.3,757,763.0,771.0,859,68,82,7,9,358,29,34,8,9,2434,222,183,9,7,234,26,8,11,3
1200,8,5,-2.0,41,195,-1,-1,-1,80,14,1,0,2,5,54.5,455,8,10,12,11,2085,18,4,5,22,27,4,0,1,0,25,3,33.3,33.3,743,751.0,756.0,5007,627,624,12,12,266,33,41,12,15,8878,768,823,8,9,290,22,31,7,10
1000,7,6,0.0,68,29,-1,-1,-1,-1,115,7,0,1,2,54.0,484,2,10,1,11,942,2,0,0,0,0,2,0,0,0,0,2,0.0,0.0,623,630.0,638.0,1977,165,183,8,9,165,19,14,11,8,6150,737,694,11,11,347,29,35,8,10
1000,7,6,0.0,-72,28,-1,-1,-1,8,116,8,0,1,2,54.0,499,-2,10,1,11,935,1,0,0,0,0,1,0,0,0,0,1,0.0,0.0,631,631.0,631.0,5622,693,654,12,11,239,37,36,15,15,8794,890,894,10,10,237,18,26,7,10
1000,7,6,0.0,47,42,-1,-1,-1,117,-1,4,0,1,2,54.0,474,2,10,1,11,918,1,0,0,0,0,1,0,0,0,0,1,0.0,0.0,635,635.0,635.0,2718,203,216,7,7,449,37,41,8,9,1269,192,110,15,8,295,33,24,11,8
1000,7,6,0.0,107,28,21,-1,-1,-1,111,1,0,0,2,52.0,479,3,10,1,11,946,1,0,0,0,0,1,0,0,0,0,1,0.0,0.0,644,644.0,644.0,675,101,90,14,13,441,68,71,15,16,2849,228,246,8,8,253,16,33,6,13
1000,7,6,0.0,-1,-1,-1,-1,-1,102,62,2,0,0,2,52.0,477,-9,10,1,11,907,0,0,0,0,0,0,0,0,0,0,-1,-1.0,-1.0,-1,-1.0,-1.0,248,20,15,8,6,248,20,15,8,6,3228,298,337,9,10,319,35,25,10,7
1000,7,6,0.0,0,36,-1,-1,-1,-1,116,9,0,0,2,53.0,467,0,10,1,11,969,2,0,0,0,0,2,0,0,0,0,2,0.0,0.0,631,640.0,649.0,1417,74,111,5,7,588,34,39,5,6,1075,107,119,9,11,190,24,22,12,11
1000,7,6,0.0,-1,-1,-1,-1,-1,-1,119,6,0,2,2,54.0,465,-7,10,1,11,991,0,0,0,0,0,0,0,0,0,0,-1,-1.0,-1.0,-1,-1.0,-1.0,859,68,82,7,9,358,29,34,8,9,970,83,103,8,10,280,24,24,8,8
1000,7,6,0.0,-1,-1,-1,-1,-1,146,28,10,0,0,2,52.0,509,-1,10,1,11,1002,0,0,0,0,0,0,0,0,0,0,-1,-1.0,-1.0,-1,-1.0,-1.0,1906,133,140,6,7,526,37,39,7,7,2218,230,201,10,9,165,15,18,9,10
1000,7,6,0.0,-1,-1,-1,-1,-1,39,110,5,0,1,2,54.0,466,-2,10,1,11,948,0,0,0,0,0,0,0,0,0,0,-1,-1.0,-1.0,-1,-1.0,-1.0,441,64,41,14,9,334,50,33,14,9,8878,768,823,8,9,290,22,31,7,10
1000,7,6,0.0,-1,-1,-1,-1,-1,-1,101,3,0,0,2,52.0,429,-2,10,1,11,986,0,0,0,0,0,0,0,0,0,0,-1,-1.0,-1.0,-1,-1.0,-1.0,910,49,49,5,5,18,0,1,0,5,5260,389,430,7,8,181,10,11,5,6
1000,7,6,0.0,275,29,-1,-1,-1,117,14,7,0,2,2,54.0,468,8,8,2,11,942,2,0,0,0,0,2,0,0,0,0,2,0.0,0.0,633,645.0,658.0,3021,267,268,8,8,342,31,24,9,7,2240,211,206,9,9,160,11,15,6,9
1000,7,6,0.0,-1,-1,-1,-1,-1,60,61,3,0,0,2,52.0,507,-13,8,2,11,971,0,0,0,0,0,0,0,0,0,0,-1,-1.0,-1.0,-1,-1.0,-1.0,675,101,90,14,13,441,68,71,15,16,2118,191,206,9,9,455,42,44,9,9
1000,7,6,0.0,-1,-1,-1,-1,-1,99,46,5,0,0,2,52.0,479,-2,8,2,11,965,0,0,0,0,0,0,0,0,0,0,-1,-1.0,-1.0,-1,-1.0,-1.0,248,20,15,8,6,248,20,15,8,6,3228,298,337,9,10,319,35,25,10,7
1000,7,6,0.0,114,35,-1,-1,-1,86,34,2,1,2,2,54.0,440,4,8,2,11,1013,2,0,0,0,0,2,0,0,0,0,1,0.0,0.0,645,645.0,645.0,2846,217,219,7,7,437,36,39,8,8,1269,192,110,15,8,295,33,24,11,8
1000,7,6,0.0,-1,-1,-1,-1,-1,-1,112,4,0,1,2,54.0,500,5,8,2,11,943,0,0,0,0,0,0,0,0,0,0,-1,-1.0,-1.0,-1,-1.0,-1.0,910,49,49,5,5,18,0,1,0,5,6150,737,694,11,11,347,29,35,8,10
1000,7,6,0.0,-1,-1,-1,-1,-1,-1,133,1,0,1,2,54.0,469,-3,8,2,11,953,0,0,0,0,0,0,0,0,0,0,-1,-1.0,-1.0,-1,-1.0,-1.0,52,3,0,5,0,52,3,0,5,0,2849,228,246,8,8,253,16,33,6,13
1000,7,6,0.0,-1,-1,-1,-1,-1,17,127,8,0,0,2,52.0,478,-5,8,2,11,970,0,0,0,0,0,0,0,0,0,0,-1,-1.0,-1.0,-1,-1.0,-1.0,2718,203,216,7,7,449,37,41,8,9,1718,145,140,8,8,203,22,12,10,5
1000,7,6,0.0,428,28,-1,-1,-1,98,25,6,0,1,2,54.0,488,12,8,2,11,903,1,0,0,0,0,1,0,0,0,0,1,0.0,0.0,648,648.0,648.0,1085,60,60,5,5,138,7,10,5,7,663,43,56,6,8,156,10,21,6,13
1300,7,6,4.0,-86,35,-1,-1,-1,-1,115,8,0,0,4,55.0,473,-3,10,3,11,1670,7,0,1,0,14,7,0,1,0,14,4,0.0,25.0,851,861.0,881.0,3067,207,240,6,7,93,1,3,1,3,2175,197,187,9,8,218,14,12,6,5
1300,7,6,-1.0,194,36,-1,-1,-1,-1,129,2,0,0,3,55.0,433,7,10,3,11,1319,9,0,1,0,11,8,0,1,0,12,2,0.0,0.0,849,850.0,852.0,1179,69,75,5,6,89,4,2,4,2,4258,276,363,6,8,176,8,18,4,10
1300,7,6,-1.0,-179,28,-1,-1,-1,33,96,4,0,0,3,55.0,432,-5,10,3,11,1325,10,0,0,0,0,7,0,0,0,0,2,0.0,0.0,822,836.0,851.0,441,64,41,14,9,334,50,33,14,9,8878,768,823,8,9,290,22,31,7,10
1300,7,6,0.0,-104,29,-1,-1,-1,180,-1,6,0,0,3,52.0,452,-3,10,3,11,1293,6,0,0,0,0,6,0,0,0,0,1,0.0,0.0,853,853.0,853.0,313,17,21,5,6,278,15,21,5,7,1170,119,108,10,9,210,18,30,8,14
1300,7,6,1.0,190,21,-1,-1,-1,-1,113,3,0,2,4,57.0,515,4,10,3,11,1637,25,0,0,0,0,10,0,0,0,0,16,0.0,0.0,824,857.0,876.0,52,3,0,5,0,52,3,0,5,0,2849,228,246,8,8,253,16,33,6,13
1300,7,6,0.0,90,22,-1,-1,-1,-1,108,11,0,2,4,57.0,453,2,10,3,11,1712,8,0,0,0,0,8,0,0,0,0,6,0.0,0.0,841,855.0,870.0,1640,69,101,4,6,31,1,2,3,6,5364,721,582,13,10,284,40,20,14,7
1300,7,6,1.5,-155,84,-1,-1,-1,26,88,5,0,0,2,53.5,424,-13,10,3,11,1045,1,0,0,0,0,1,0,0,0,0,-1,-1.0,-1.0,-1,-1.0,-1.0,2718,203,216,7,7,449,37,41,8,9,1269,192,110,15,8,295,33,24,11,8
1300,7,6,0.0,125,120,-1,149,-1,-1,13,9,0,1,3,57.0,487,15,10,3,11,1305,9,0,0,0,0,7,0,0,0,0,5,0.0,0.0,843,852.0,867.0,3021,267,268,8,8,342,31,24,9,7,8226,732,834,8,10,193,16,9,8,4
1300,7,6,-1.0,-233,43,-1,-1,-1,-1,135,1,0,0,3,51.0,436,-10,10,3,11,1279,9,0,0,0,0,9,0,0,0,0,5,0.0,0.0,849,865.0,881.0,63,1,4,1,6,63,1,4,1,6,2118,191,206,9,9,455,42,44,9,9
1300,7,6,1.0,344,29,-1,56,-1,-1,104,10,1,1,3,57.0,485,10,10,3,11,1381,1,0,0,0,0,1,0,0,0,0,-1,-1.0,-1.0,-1,-1.0,-1.0,7468,517,601,6,8,275,6,18,2,6,3882,269,330,6,8,257,19,26,7,10
1000,7,5,0.5,-465,28,-1,-1,-1,109,10,10,0,0,3,54.5,449,-13,10,4,11,1283,6,1,0,16,0,6,1,0,16,0,6,16.7,16.7,621,634.0,657.0,2846,217,219,7,7,437,36,39,8,8,1269,192,110,15,8,295,33,24,11,8
1000,7,5,4.0,285,35,-1,121,-1,-1,33,11,0,0,3,56.0,459,10,10,4,11,1353,12,1,2,8,16,11,1,2,9,18,1,100.0,100.0,624,624.0,624.0,1513,119,110,7,7,183,13,16,7,8,3882,269,330,6,8,257,19,26,7,10
1000,7,5,1.5,-69,29,-1,-1,-1,-1,143,5,0,0,3,53.0,471,-2,10,4,11,1321,11,0,2,0,18,11,0,2,0,18,7,0.0,28.6,621,635.0,650.0,1625,100,130,6,8,242,18,12,7,4,9988,903,967,9,9,319,35,29,10,9
1000,7,5,0.5,-515,35,-1,-1,-1,133,-1,1,0,0,3,54.5,440,-18,10,4,11,1367,5,1,1,20,20,5,1,1,20,20,2,0.0,50.0,627,631.0,635.0,6504,1318,985,20,15,494,110,74,22,14,1090,91,93,8,8,338,22,27,6,7
1000,7,5,2.0,71,28,-1,133,-1,-1,-1,2,0,0,3,54.0,467,2,10,4,11,1344,15,1,1,6,6,13,1,1,7,7,1,0.0,0.0,654,654.0,654.0,3021,267,268,8,8,342,31,24,9,7,8226,732,834,8,10,193,16,9,8,4
1000,7,5,0.0,-410,22,-1,-1,-1,39,74,4,0,0,4,52.0,470,-9,10,4,11,1680,15,0,1,0,6,9,0,0,0,0,1,0.0,0.0,643,643.0,643.0,1417,74,111,5,7,588,34,39,5,6,7406,599,656,8,8,201,19,20,9,9
1000,7,5,1.0,-28,36,-1,-1,-1,195,-1,9,0,0,3,53.0,479,-1,10,4,11,1339,10,0,2,0,20,9,0,1,0,11,5,0.0,20.0,631,635.0,644.0,2522,186,219,7,8,152,19,21,12,13,7299,690,748,9,10,273,42,33,15,12
1000,7,5,0.5,224,49,-1,-1,-1,-1,105,7,0,0,4,51.5,456,11,10,4,11,1711,8,1,0,12,0,8,1,0,12,0,3,0.0,0.0,628,632.0,639.0,1906,133,140,6,7,526,37,39,7,7,4568,370,396,8,8,254,14,12,5,4
1000,7,5,-0.5,142,28,-1,38,-1,-1,62,8,1,0,3,54.0,456,4,10,4,11,1332,14,1,0,7,0,11,1,0,9,0,2,0.0,0.0,632,634.0,636.0,52,3,0,5,0,52,3,0,5,0,636,48,42,7,6,181,16,8,8,4
1000,7,5,-1.0,-143,28,-1,-1,-1,194,-1,6,0,0,3,52.0,466,-4,10,4,11,1280,13,0,1,0,7,11,0,1,0,9,7,0.0,14.3,626,633.0,652.0,859,68,82,7,9,358,29,34,8,9,3436,336,288,9,8,166,6,9,3,5
1300,7,5,-2.5,220,50,-1,16,-1,14,90,8,0,1,2,52.5,487,11,11,5,11,960,3,1,0,33,0,3,1,0,33,0,-1,-1.0,-1.0,-1,-1.0,-1.0,675,101,90,14,13,441,68,71,15,16,662,85,75,12,11,258,40,40,15,15
1300,7,5,0.0,-477,21,-1,-1,-1,139,10,5,0,1,3,54.5,481,-10,11,5,11,1313,6,1,1,16,16,4,1,1,25,25,2,0.0,0.0,824,826.0,828.0,6504,1318,985,20,15,494,110,74,22,14,2434,222,183,9,7,234,26,8,11,3
1300,7,5,-0.5,102,49,-1,31,-1,146,20,3,0,1,3,54.0,467,5,11,5,11,1351,10,1,2,10,20,8,1,1,12,12,3,0.0,0.0,832,832.0,833.0,2846,217,219,7,7,437,36,39,8,8,680,105,75,15,11,187,23,16,12,8
1300,7,5,-0.5,83,36,-1,-1,-1,-1,114,9,0,2,3,52.5,472,3,11,5,11,1297,12,1,0,8,0,11,1,0,9,0,1,0.0,0.0,844,844.0,844.0,1625,100,130,6,8,242,18,12,7,4,3353,345,326,10,9,218,23,21,10,9
1300,7,5,1.5,0,22,-1,-1,-1,83,43,1,0,2,3,54.5,499,0,11,5,11,1352,3,0,2,0,66,3,0,2,0,66,1,0.0,100.0,827,827.0,827.0,441,64,41,14,9,334,50,33,14,9,9988,903,967,9,9,319,35,29,10,9
1300,7,5,-0.5,116,43,-1,-1,-1,-1,186,7,0,1,3,54.0,503,5,11,5,11,1308,8,0,2,0,25,8,0,2,0,25,3,0.0,66.7,819,829.0,835.0,7468,517,601,6,8,275,6,18,2,6,3641,275,297,7,8,319,21,36,6,11
1300,7,5,1.0,-273,22,-1,180,-1,-1,14,11,0,0,3,52.5,472,-6,11,5,11,1364,4,1,1,25,25,4,1,1,25,25,-1,-1.0,-1.0,-1,-1.0,-1.0,859,68,82,7,9,358,29,34,8,9,663,43,56,6,8,156,10,21,6,13
1300,7,5,-1.5,-380,29,-1,-1,-1,-1,103,6,0,0,3,51.0,453,-11,11,5,11,1313,11,1,0,9,0,11,1,0,9,0,6,0.0,0.0,821,835.0,848.0,1085,60,60,5,5,138,7,10,5,7,970,83,103,8,10,280,24,24,8,8
1300,7,5,-0.5,-267,15,-1,-1,-1,8,92,10,0,1,3,53.5,475,-4,11,5,11,1302,13,0,3,0,23,10,0,3,0,30,8,0.0,25.0,821,840.0,861.0,52,3,0,5,0,52,3,0,5,0,10522,804,928,7,8,334,18,24,5,7
1300,7,5,1.0,181,22,-1,-1,-1,13,127,2,0,1,2,56.0,434,4,11,5,11,935,4,0,0,0,0,4,0,0,0,0,-1,-1.0,-1.0,-1,-1.0,-1.0,1513,119,110,7,7,183,13,16,7,8,2849,228,246,8,8,253,16,33,6,13
1300,7,5,-0.5,27,183,-1,-1,-1,162,-1,4,0,1,4,55.5,465,5,11,5,11,1657,9,1,1,11,11,4,0,1,0,25,-1,-1.0,-1.0,-1,-1.0,-1.0,1417,74,111,5,7,588,34,39,5,6,3819,348,351,9,9,184,13,17,7,9
1200,7,4,-1.0,138,36,-1,-1,-1,-1,135,10,4,1,2,54.0,453,5,12,6,11,987,1,0,0,0,0,1,0,0,0,0,-1,-1.0,-1.0,-1,-1.0,-1.0,1906,133,140,6,7,526,37,39,7,7,553,70,40,12,7,209,35,17,16,8
1200,7,4,1.5,342,35,-1,-1,-1,108,11,9,0,1,3,53.5,460,12,12,6,11,1355,9,1,2,11,22,9,1,2,11,22,4,0.0,0.0,748,756.0,769.0,6504,1318,985,20,15,494,110,74,22,14,3819,348,351,9,9,184,13,17,7,9
1200,7,4,0.0,-163,43,-1,-1,-1,-1,133,3,7,1,3,53.0,443,-7,12,6,11,1124,4,0,0,0,0,4,0,0,0,0,2,0.0,0.0,772,774.0,776.0,910,49,49,5,5,18,0,1,0,5,6150,737,694,11,11,347,29,35,8,10
1200,7,4,-2.0,-167,36,-1,-1,-1,52,76,11,4,1,2,51.0,458,-6,12,6,11,910,2,0,0,0,0,2,0,0,0,0,2,0.0,0.0,771,772.0,774.0,63,1,4,1,6,63,1,4,1,6,2118,191,206,9,9,455,42,44,9,9
1200,7,4,2.0,-48,21,-1,-1,-1,143,-1,8,2,2,4,53.0,485,-1,12,6,11,1704,19,0,0,0,0,9,0,0,0,0,5,0.0,0.0,755,770.0,784.0,859,68,82,7,9,358,29,34,8,9,4568,370,396,8,8,254,14,12,5,4
1200,7,4,-1.5,55,36,-1,330,-1,-1,-1,1,4,1,2,53.5,440,2,12,6,11,943,2,0,0,0,0,2,0,0,0,0,1,0.0,0.0,774,774.0,774.0,675,101,90,14,13,441,68,71,15,16,1170,119,108,10,9,210,18,30,8,14
1200,7,4,1.5,-483,29,-1,-1,-1,-1,117,4,7,2,3,52.5,496,-14,12,6,11,1144,5,0,0,0,0,5,0,0,0,0,-1,-1.0,-1.0,-1,-1.0,-1.0,4252,354,347,8,8,73,3,4,4,5,3903,339,359,8,9,276,18,20,6,7
1200,7,4,0.0,-1,-1,-1,-1,-1,42,90,2,4,2,2,54.0,478,-2,12,6,11,951,0,0,0,0,0,0,0,0,0,0,-1,-1.0,-1.0,-1,-1.0,-1.0,1417,74,111,5,7,588,34,39,5,6,680,105,75,15,11,187,23,16,12,8
1200,7,4,1.0,-250,28,-1,-1,-1,163,-1,6,4,2,3,54.0,517,-7,12,6,11,1282,3,0,0,0,0,3,0,0,0,0,2,0.0,0.0,780,786.0,793.0,2718,203,216,7,7,449,37,41,8,9,7672,719,726,9,9,252,32,28,12,11
1200,7,4,2.5,-473,36,-1,-1,-1,140,-1,12,7,0,4,54.5,433,-17,12,6,11,1539,18,1,2,5,11,10,1,2,10,20,9,11.1,33.3,742,759.0,776.0,2846,217,219,7,7,437,36,39,8,8,1269,192,110,15,8,295,33,24,11,8
1200,7,4,1.5,44,246,-1,-1,-1,11,100,7,4,1,3,53.5,472,11,12,6,11,1347,5,0,0,0,0,4,0,0,0,0,-1,-1.0,-1.0,-1,-1.0,-1.0,248,20,15,8,6,248,20,15,8,6,1300,101,107,7,8,177,13,10,7,5
1200,7,4,3.0,181,22,-1,-1,-1,126,30,5,4,1,2,54.0,494,4,12,6,11,917,1,0,0,0,0,1,0,0,0,0,1,0.0,0.0,775,775.0,775.0,441,64,41,14,9,334,50,33,14,9,9988,903,967,9,9,319,35,29,10,9
1300,7,5,0.0,250,28,-1,-1,-1,27,105,1,0,1,3,57.0,481,7,12,7,11,1324,12,0,4,0,33,10,0,3,0,30,6,0.0,33.3,820,828.0,837.0,5622,693,654,12,11,239,37,36,15,15,10522,804,928,7,8,334,18,24,5,7
1300,7,5,2.0,228,35,-1,-1,-1,24,86,7,0,2,5,54.5,473,8,12,7,11,2082,23,2,1,8,4,11,1,0,9,0,9,11.1,11.1,824,837.0,858.0,675,101,90,14,13,441,68,71,15,16,1718,145,140,8,8,203,22,12,10,5
1300,7,5,1.0,15,64,-1,-1,-1,66,95,6,0,2,4,56.5,456,1,12,7,11,1698,15,2,1,13,6,8,1,1,12,12,3,0.0,0.0,835,842.0,856.0,409,42,39,10,9,315,36,36,11,11,3211,239,274,7,8,309,26,28,8,9
1300,7,5,2.5,275,29,-1,-1,-1,199,-1,2,0,1,4,55.0,473,8,12,7,11,1727,26,1,0,3,0,11,1,0,9,0,15,6.7,6.7,828,843.0,869.0,441,64,41,14,9,334,50,33,14,9,3641,275,297,7,8,319,21,36,6,11
1300,7,5,1.0,178,28,-1,-1,-1,31,100,5,0,1,3,53.5,442,5,12,7,11,988,1,0,0,0,0,1,0,0,0,0,1,0.0,0.0,836,836.0,836.0,2846,217,219,7,7,437,36,39,8,8,1090,91,93,8,8,338,22,27,6,7
1300,7,5,0.5,138,36,-1,-1,-1,146,12,12,0,0,3,55.5,448,5,12,7,11,1339,11,1,3,9,27,10,1,3,10,30,6,16.7,50.0,814,828.0,838.0,859,68,82,7,9,358,29,34,8,9,4568,370,396,8,8,254,14,12,5,4
1300,7,5,0.5,250,28,-1,-1,-1,-1,76,10,1,2,5,53.0,434,7,12,7,11,2099,31,1,0,3,0,12,0,0,0,0,12,8.3,8.3,812,842.0,876.0,1085,60,60,5,5,138,7,10,5,7,970,83,103,8,10,280,24,24,8,8
1300,7,5,0.0,-179,28,-1,-1,-1,127,31,11,0,0,3,52.5,452,-5,12,7,11,1360,13,1,2,7,15,12,1,2,8,16,3,0.0,0.0,819,828.0,839.0,6504,1318,985,20,15,494,110,74,22,14,3436,336,288,9,8,166,6,9,3,5
1300,7,5,1.0,116,43,-1,123,-1,13,-1,8,0,1,3,52.0,455,5,12,7,11,1357,11,0,2,0,18,7,0,1,0,14,4,0.0,50.0,825,832.0,843.0,1906,133,140,6,7,526,37,39,7,7,4568,370,396,8,8,254,14,12,5,4
1300,7,5,0.0,214,14,-1,-1,-1,-1,87,4,0,0,4,52.0,478,3,12,7,11,1723,27,1,2,3,7,13,0,0,0,0,8,12.5,12.5,819,836.0,860.0,3067,207,240,6,7,93,1,3,1,3,3875,438,394,11,10,134,17,12,12,8
1300,7,5,-0.5,112,71,-1,-1,-1,127,-1,3,0,1,3,53.5,425,8,12,7,11,1263,9,0,2,0,22,9,0,2,0,22,5,0.0,40.0,821,836.0,849.0,2718,203,216,7,7,449,37,41,8,9,1300,101,107,7,8,177,13,10,7,5
1300,7,5,-4.5,-286,42,-1,-1,-1,211,-1,9,1,2,6,52.0,468,-12,12,7,11,2465,51,1,5,1,9,14,0,0,0,0,16,6.3,18.8,827,836.0,854.0,63,1,4,1,6,63,1,4,1,6,8045,693,705,8,8,158,2,8,1,5
1300,7,4,-2.0,-24,42,-1,-1,-1,144,25,4,4,1,4,54.0,502,-1,12,8,11,1645,11,0,2,0,18,2,0,0,0,0,2,0.0,0.0,840,845.0,850.0,313,17,21,5,6,278,15,21,5,7,1170,119,108,10,9,210,18,30,8,14
1300,7,4,0.0,-167,36,-1,-1,-1,37,97,11,4,1,2,53.5,466,-6,12,8,11,997,3,0,0,0,0,3,0,0,0,0,-1,-1.0,-1.0,-1,-1.0,-1.0,2846,217,219,7,7,437,36,39,8,8,662,85,75,12,11,258,40,40,15,15
1300,7,4,0.5,-205,49,-1,-1,-1,136,9,5,4,1,3,56.5,485,-10,12,8,11,1278,6,0,0,0,0,6,0,0,0,0,-1,-1.0,-1.0,-1,-1.0,-1.0,52,3,0,5,0,52,3,0,5,0,4568,370,396,8,8,254,14,12,5,4
1300,7,4,1.0,0,21,-1,140,-1,12,-1,12,4,2,4,56.0,462,0,12,8,11,1729,23,1,0,4,0,12,1,0,8,0,5,0.0,0.0,817,828.0,844.0,1298,98,82,7,6,98,3,5,3,5,3903,339,359,8,9,276,18,20,6,7
1300,7,4,1.0,35,28,-1,-1,-1,132,-1,8,4,1,3,55.5,469,1,12,8,11,1316,12,0,1,0,8,8,0,1,0,12,3,0.0,0.0,822,831.0,839.0,6504,1318,985,20,15,494,110,74,22,14,2064,215,175,10,8,278,28,33,10,11
1300,7,4,1.5,-319,22,-1,-1,-1,208,16,6,0,0,4,54.0,436,-7,12,8,11,1707,23,1,7,4,30,12,1,4,8,33,8,12.5,50.0,809,831.0,861.0,1906,133,140,6,7,526,37,39,7,7,9988,903,967,9,9,319,35,29,10,9
1300,7,4,2.0,238,42,-1,-1,-1,139,-1,9,7,2,4,55.0,475,10,12,8,11,1526,8,0,0,0,0,8,0,0,0,0,3,0.0,0.0,823,832.0,844.0,675,101,90,14,13,441,68,71,15,16,1269,192,110,15,8,295,33,24,11,8
1300,7,4,0.5,17,231,-1,-1,-1,130,-1,1,4,1,3,54.5,509,4,12,8,11,1355,2,0,0,0,0,2,0,0,0,0,-1,-1.0,-1.0,-1,-1.0,-1.0,1977,165,183,8,9,165,19,14,11,8,1300,101,107,7,8,177,13,10,7,5
1300,7,4,-0.5,371,35,-1,-1,-1,79,80,3,4,1,2,53.0,474,13,12,8,11,982,2,0,0,0,0,2,0,0,0,0,1,0.0,0.0,828,828.0,828.0,1513,119,110,7,7,183,13,16,7,8,1075,107,119,9,11,190,24,22,12,11
1300,7,4,0.0,-138,29,-1,-1,-1,14,91,2,4,2,3,52.0,504,-4,12,8,11,1314,6,0,0,0,0,6,0,0,0,0,2,0.0,0.0,842,853.0,865.0,1247,89,72,7,5,208,15,11,7,5,553,70,40,12,7,209,35,17,16,8
1300,7,4,0.0,-108,28,-1,-1,-1,-1,121,10,7,0,3,51.0,443,-3,12,8,11,1174,4,0,0,0,0,4,0,0,0,0,2,0.0,0.0,871,871.0,872.0,910,49,49,5,5,18,0,1,0,5,6150,737,694,11,11,347,29,35,8,10
1300,7,4,0.0,226,119,-1,-1,-1,94,38,7,4,2,3,52.0,558,27,12,8,11,1378,7,0,0,0,0,5,0,0,0,0,-1,-1.0,-1.0,-1,-1.0,-1.0,3067,207,240,6,7,93,1,3,1,3,2175,197,187,9,8,218,14,12,6,5
2000,7,0,0.0,-48,63,-1,-1,-1,33,185,6,0,1,4,57.0,488,-3,11,9,11,-1,-1,-1,-1,-1,-1,-1,-1,-1,-1,-1,-1,-1.0,-1.0,-1,-1.0,-1.0,-1,-1,-1,-1,-1,-1,-1,-1,-1,-1,-1,-1,-1,-1,-1,-1,-1,-1,-1,-1
2000,7,0,-0.5,-29,35,-1,-1,-1,61,173,8,0,1,3,55.5,515,-1,11,9,11,-1,-1,-1,-1,-1,-1,-1,-1,-1,-1,-1,-1,-1.0,-1.0,-1,-1.0,-1.0,-1,-1,-1,-1,-1,-1,-1,-1,-1,-1,-1,-1,-1,-1,-1,-1,-1,-1,-1,-1
2000,7,0,0.0,10,91,-1,-1,-1,28,130,1,0,2,5,57.0,513,1,11,9,11,-1,-1,-1,-1,-1,-1,-1,-1,-1,-1,-1,-1,-1.0,-1.0,-1,-1.0,-1.0,-1,-1,-1,-1,-1,-1,-1,-1,-1,-1,-1,-1,-1,-1,-1,-1,-1,-1,-1,-1
2000,7,0,3.5,-167,30,-1,-1,-1,18,169,10,0,1,3,55.5,502,-5,11,9,11,-1,-1,-1,-1,-1,-1,-1,-1,-1,-1,-1,-1,-1.0,-1.0,-1,-1.0,-1.0,-1,-1,-1,-1,-1,-1,-1,-1,-1,-1,-1,-1,-1,-1,-1,-1,-1,-1,-1,-1
2000,7,0,0.5,95,63,-1,-1,-1,73,93,3,0,1,3,55.5,493,6,11,9,11,-1,-1,-1,-1,-1,-1,-1,-1,-1,-1,-1,-1,-1.0,-1.0,-1,-1.0,-1.0,-1,-1,-1,-1,-1,-1,-1,-1,-1,-1,-1,-1,-1,-1,-1,-1,-1,-1,-1,-1
2000,7,0,1.0,0,64,-1,202,-1,-1,-1,9,0,1,3,55.5,483,0,11,9,11,1343,10,5,2,50,20,8,3,2,37,25,1,100.0,100.0,1289,1289.0,1289.0,5007,627,624,12,12,266,33,41,12,15,1090,91,93,8,8,338,22,27,6,7
2000,7,0,0.5,0,49,-1,-1,-1,-1,161,2,0,2,5,57.0,487,0,11,9,11,2066,34,9,5,26,14,7,2,1,28,14,3,33.3,66.7,1291,1299.0,1313.0,1625,100,130,6,8,242,18,12,7,4,9988,903,967,9,9,319,35,29,10,9
2000,7,0,-1.0,0,42,-1,-1,-1,-1,168,4,0,0,6,55.0,498,0,11,9,11,2394,29,7,8,24,27,7,2,2,28,28,9,22.2,44.4,1296,1321.0,1341.0,1247,89,72,7,5,208,15,11,7,5,3353,345,326,10,9,218,23,21,10,9
2000,7,0,3.5,-541,37,-1,183,-1,-1,40,12,0,2,5,57.0,495,-20,11,9,11,-1,-1,-1,-1,-1,-1,-1,-1,-1,-1,-1,-1,-1.0,-1.0,-1,-1.0,-1.0,-1,-1,-1,-1,-1,-1,-1,-1,-1,-1,-1,-1,-1,-1,-1,-1,-1,-1,-1,-1
2000,7,0,4.0,57,35,-1,-1,-1,202,-1,11,0,1,6,57.0,509,2,11,9,11,2417,36,7,3,19,8,8,0,1,0,12,4,0.0,0.0,1303,1307.0,1313.0,409,42,39,10,9,315,36,36,11,11,3211,239,274,7,8,309,26,28,8,9
2000,7,0,0.0,-86,35,-1,-1,-1,20,158,5,0,1,5,57.0,460,-3,11,9,11,-1,-1,-1,-1,-1,-1,-1,-1,-1,-1,-1,-1,-1.0,-1.0,-1,-1.0,-1.0,-1,-1,-1,-1,-1,-1,-1,-1,-1,-1,-1,-1,-1,-1,-1,-1,-1,-1,-1,-1
1200,7,4,0.5,0,29,-1,172,-1,-1,18,11,0,2,3,54.0,446,0,10,10,11,1279,10,2,1,20,10,10,2,1,20,10,4,0.0,0.0,751,765.0,778.0,2522,186,219,7,8,152,19,21,12,13,7299,690,748,9,10,273,42,33,15,12
1200,7,4,-0.5,28,35,-1,-1,-1,74,58,10,0,0,3,52.0,488,1,10,10,11,1320,10,2,3,20,30,10,2,3,20,30,3,33.3,33.3,748,751.0,753.0,-1,-1,-1,-1,-1,-1,-1,-1,-1,-1,8794,890,894,10,10,237,18,26,7,10
1200,7,4,0.5,-58,35,-1,-1,-1,127,76,8,0,1,4,57.0,466,-2,10,10,11,1734,18,3,1,16,5,9,1,0,11,0,10,30.0,40.0,743,757.0,779.0,6504,1318,985,20,15,494,110,74,22,14,1090,91,93,8,8,338,22,27,6,7
1200,7,4,0.5,542,35,-1,-1,-1,17,120,9,0,1,3,52.5,494,19,10,10,11,1288,8,2,2,25,25,8,2,2,25,25,2,0.0,50.0,751,753.0,755.0,675,101,90,14,13,441,68,71,15,16,2240,211,206,9,9,160,11,15,6,9
1200,7,4,-1.5,-250,36,-1,-1,-1,108,15,1,0,0,4,52.5,468,-9,10,10,11,1700,18,4,1,22,5,6,1,0,16,0,5,20.0,20.0,757,777.0,786.0,2846,217,219,7,7,437,36,39,8,8,4258,276,363,6,8,176,8,18,4,10
1200,7,4,0.0,-72,28,-1,-1,-1,106,15,5,0,0,4,51.0,429,-2,10,10,11,1673,27,1,4,3,14,12,0,2,0,16,13,0.0,7.7,755,768.0,793.0,910,49,49,5,5,18,0,1,0,5,6150,737,694,11,11,347,29,35,8,10
1200,7,4,-2.0,-250,36,-1,39,-1,-1,84,4,0,0,3,52.0,416,-9,10,10,11,1285,9,1,1,11,11,9,1,1,11,11,3,0.0,33.3,764,764.0,765.0,2718,203,216,7,7,449,37,41,8,9,8878,768,823,8,9,290,22,31,7,10
1200,7,4,0.0,257,35,-1,-1,-1,26,76,6,0,0,4,52.0,432,9,10,10,11,1693,26,2,1,7,3,14,0,1,0,7,12,8.3,8.3,748,763.0,791.0,1906,133,140,6,7,526,37,39,7,7,7406,599,656,8,8,201,19,20,9,9
1200,7,4,-1.5,-123,49,-1,-1,-1,15,111,3,0,0,5,51.5,490,-6,10,10,11,2044,26,1,2,3,7,9,0,0,0,0,18,0.0,5.6,746,763.0,789.0,998,49,44,4,4,110,5,3,4,2,8226,732,834,8,10,193,16,9,8,4
1200,7,4,0.5,-104,29,-1,-1,-1,-1,117,2,0,0,3,52.5,455,-3,10,10,11,1334,5,2,0,40,0,5,2,0,40,0,4,25.0,25.0,736,750.0,759.0,1977,165,183,8,9,165,19,14,11,8,6150,737,694,11,11,347,29,35,8,10
1400,7,2,1.0,-319,22,-1,-1,-1,106,17,6,4,1,3,56.5,490,-7,10,11,11,1368,13,1,6,7,46,13,1,6,7,46,7,14.3,57.1,866,873.0,881.0,5622,693,654,12,11,239,37,36,15,15,8794,890,894,10,10,237,18,26,7,10
1400,7,2,0.0,103,29,-1,29,-1,74,30,4,0,0,4,53.5,428,3,10,11,11,1694,20,5,5,25,25,7,1,3,14,42,2,50.0,50.0,881,882.0,883.0,6504,1318,985,20,15,494,110,74,22,14,1075,107,119,9,11,190,24,22,12,11
1400,7,2,0.5,71,42,-1,-1,-1,184,15,8,4,2,3,52.5,500,3,10,11,11,1285,9,2,2,22,22,8,2,2,25,25,4,0.0,25.0,872,888.0,898.0,675,101,90,14,13,441,68,71,15,16,7672,719,726,9,9,252,32,28,12,11
1400,7,2,0.0,-414,29,-1,-1,-1,162,11,3,0,1,4,51.5,495,-12,10,11,11,1638,13,4,4,30,30,8,2,3,25,37,2,50.0,100.0,876,878.0,880.0,859,68,82,7,9,358,29,34,8,9,970,83,103,8,10,280,24,24,8,8
1400,7,2,0.5,27,36,-1,-1,-1,47,110,5,0,0,4,54.0,513,1,10,11,11,1679,20,6,4,30,20,8,3,0,37,0,9,11.1,44.4,864,891.0,911.0,5007,627,624,12,12,266,33,41,12,15,2434,222,183,9,7,234,26,8,11,3
1400,7,2,0.5,-48,21,-1,25,-1,74,39,2,0,0,5,52.0,483,-1,10,11,11,2075,35,4,3,11,8,13,0,1,0,7,15,0.0,0.0,869,881.0,896.0,441,64,41,14,9,334,50,33,14,9,8878,768,823,8,9,290,22,31,7,10
1400,7,2,0.5,-56,36,-1,-1,-1,120,-1,9,4,2,6,52.0,461,-2,10,11,11,2421,36,1,4,2,11,10,0,1,0,10,9,0.0,11.1,867,887.0,927.0,2718,203,216,7,7,449,37,41,8,9,1269,192,110,15,8,295,33,24,11,8
1400,7,2,1.0,-167,42,-1,93,-1,-1,46,10,0,0,5,52.0,453,-7,10,11,11,2108,30,5,4,16,13,9,0,1,0,11,6,16.7,50.0,887,898.0,910.0,7468,517,601,6,8,275,6,18,2,6,2218,230,201,10,9,165,15,18,9,10
1400,7,2,0.0,-167,42,-1,-1,-1,54,83,7,4,1,6,51.0,489,-7,10,11,11,2424,32,4,1,12,3,9,0,1,0,11,10,10.0,10.0,881,896.0,913.0,1906,133,140,6,7,526,37,39,7,7,2175,197,187,9,8,218,14,12,6,5
1400,7,2,0.0,186,91,-1,-1,-1,114,11,1,4,1,6,52.0,491,17,10,11,11,2410,31,1,2,3,6,7,0,0,0,0,16,0.0,0.0,863,888.0,918.0,2846,217,219,7,7,437,36,39,8,8,4258,276,363,6,8,176,8,18,4,10
